{
  "accuracy": 0.8621699355464689,
  "f1_score": {
    "Negative": 0.7571010190162882,
    "Neutral": 0.7073592458371823,
    "Positive": 0.9220849935626358
  },
  "weighted_auc": 0.9455912355345371
}